22_cap_bank,97
22_ds_la_out,548
115_cvt_1p,82
115_1way_ds_w_motor,715
22_breaker,798
terminator_single,892
ss_man_mode,160
11522_tx_ynyn0d1,69
115_3ways_ds_w_motor,174
DPM,590
22_gs,894
LL,564
115_breaker,393
terminator_w_future,711
115_la,397
v_m_digital,84
v_m,130
22_ll,896
DIM,304
22_vt_3p,123
terminator_double,373
Q,107
115_cvt_3p,71
MU,78
115_vt_3p,159
11522_tx_dyn1,80
NGR_future,99
22_ds,102
115_ds,98
115_vt_1p,79
115_gs_w_motor,189
115_buffer,67
remote_io_module,96
115_gs,84
tele_protection,77
terminator_splicing_kits,60
BCU,66
